{
  "summaries": [
    {
      "id": "edd92154-2e91-484d-b338-f35002ab9dc9",
      "label": "WS@1Hz payload=360B",
      "mode": "ws",
      "count": 4,
      "avgCpu": 1.5499999999999998,
      "avgRss": 196.0380859375,
      "avgElu": 0.047887368049069776,
      "avgDelayP99": 48.27545500000001,
      "avgRate": 0.8643812445300689,
      "avgBytesRate": 311.1772480308248,
      "avgPayload": 270,
      "bytesPerUnit": 359.99999999999994,
      "avgJitterMs": 20.179787553533437,
      "avgFreshnessMs": 611.25,
      "checks": [
        "rate=0.86 in [0.50, 1.50]",
        "bytesPerUnit=360.0 in [180.0, 540.0]"
      ]
    },
    {
      "id": "de66f257-f3ad-4055-be9d-80349c43474f",
      "label": "WS@2Hz payload=360B",
      "mode": "ws",
      "count": 6,
      "avgCpu": 2.0833333333333335,
      "avgRss": 196.142578125,
      "avgElu": 0.040056143474127164,
      "avgDelayP99": 50.58286833333333,
      "avgRate": 0.9891199252904573,
      "avgBytesRate": 356.0831731045646,
      "avgPayload": 360,
      "bytesPerUnit": 359.99999999999994,
      "avgJitterMs": 442.54967362577787,
      "avgFreshnessMs": 65.83333333333333,
      "checks": [
        "rate=0.99 in [1.00, 3.00]",
        "bytesPerUnit=360.0 in [180.0, 540.0]"
      ]
    },
    {
      "id": "24b3ea31-0836-4670-ba3e-ae1d938e06ff",
      "label": "HTTP@1Hz payload=420B",
      "mode": "polling",
      "count": 6,
      "avgCpu": 9.1,
      "avgRss": 182.32747395833334,
      "avgElu": 0.04134309819540935,
      "avgDelayP99": 49.512447,
      "avgRate": 0.412133403057732,
      "avgBytesRate": 173.09602928424746,
      "avgPayload": 350,
      "bytesPerUnit": 420.00000000000006,
      "avgJitterMs": 2.4278943776826054,
      "avgFreshnessMs": 848.6666666666666,
      "checks": [
        "rate=0.41 in [0.50, 1.50]",
        "bytesPerUnit=420.0 in [210.0, 630.0]"
      ]
    },
    {
      "id": "585e7dc7-cebf-4645-ba3f-53a05ec5170d",
      "label": "HTTP@2Hz payload=420B",
      "mode": "polling",
      "count": 6,
      "avgCpu": 2.6166666666666667,
      "avgRss": 174.47916666666666,
      "avgElu": 0.04161646914569825,
      "avgDelayP99": 50.304340333333336,
      "avgRate": 0.8241442492778077,
      "avgBytesRate": 346.14058469667924,
      "avgPayload": 420,
      "bytesPerUnit": 420,
      "avgJitterMs": 319.61853778851514,
      "avgFreshnessMs": 363.3333333333333,
      "checks": [
        "rate=0.82 in [1.00, 3.00]",
        "bytesPerUnit=420.0 in [210.0, 630.0]"
      ]
    }
  ]
}
