{
  "summaries": [
    {
      "id": "13ded1b2-dd9f-4008-a9c5-437d5b54fb8c",
      "label": "WS@1Hz payload=360B",
      "mode": "ws",
      "count": 4,
      "avgCpu": 1.95,
      "avgRss": 196.8837890625,
      "avgElu": 0.04941759153962204,
      "avgDelayP99": 48.185343,
      "avgRate": 0.6993651047580401,
      "avgBytesRate": 251.77143771289445,
      "avgPayload": 270,
      "bytesPerUnit": 360,
      "avgJitterMs": 17.094802495207787,
      "avgFreshnessMs": 617.25,
      "checks": [
        "rate=0.70 in [0.50, 1.50]",
        "bytesPerUnit=360.0 in [180.0, 540.0]"
      ],
      "rateOk": true,
      "payloadOk": true,
      "expectedRate": 1,
      "expectedPayload": 360,
      "tolRate": 0.5,
      "tolPayload": 0.5
    },
    {
      "id": "0e328f71-ac5d-47d9-b2d9-1a4b4ba60c4f",
      "label": "WS@2Hz payload=360B",
      "mode": "ws",
      "count": 6,
      "avgCpu": 1.55,
      "avgRss": 196.95377604166666,
      "avgElu": 0.03901607709486691,
      "avgDelayP99": 54.80994033333334,
      "avgRate": 0.9066115536806448,
      "avgBytesRate": 326.38015932503214,
      "avgPayload": 360,
      "bytesPerUnit": 360,
      "avgJitterMs": 448.82062744161857,
      "avgFreshnessMs": 415.3333333333333,
      "checks": [
        "rate=0.91 in [1.00, 3.00]",
        "bytesPerUnit=360.0 in [180.0, 540.0]"
      ],
      "rateOk": false,
      "payloadOk": true,
      "expectedRate": 2,
      "expectedPayload": 360,
      "tolRate": 0.5,
      "tolPayload": 0.5
    },
    {
      "id": "06645af4-0d72-49ae-8c59-de9129603235",
      "label": "HTTP@1Hz payload=420B",
      "mode": "polling",
      "count": 6,
      "avgCpu": 8.066666666666665,
      "avgRss": 183.23111979166666,
      "avgElu": 0.04164174031259065,
      "avgDelayP99": 49.49060166666666,
      "avgRate": 0.41213364480695946,
      "avgBytesRate": 173.096130818923,
      "avgPayload": 350,
      "bytesPerUnit": 420.00000000000006,
      "avgJitterMs": 1.5692225291600863,
      "avgFreshnessMs": 702.1666666666666,
      "checks": [
        "rate=0.41 in [0.50, 1.50]",
        "bytesPerUnit=420.0 in [210.0, 630.0]"
      ],
      "rateOk": false,
      "payloadOk": true,
      "expectedRate": 1,
      "expectedPayload": 420,
      "tolRate": 0.5,
      "tolPayload": 0.5
    },
    {
      "id": "74e1458a-f462-439a-bb7e-b15ed20110d2",
      "label": "HTTP@2Hz payload=420B",
      "mode": "polling",
      "count": 6,
      "avgCpu": 2.6166666666666667,
      "avgRss": 175.48046875,
      "avgElu": 0.04118419267608206,
      "avgDelayP99": 48.201727,
      "avgRate": 0.8254915722586178,
      "avgBytesRate": 346.7064603486195,
      "avgPayload": 350,
      "bytesPerUnit": 420,
      "avgJitterMs": 281.3872628989471,
      "avgFreshnessMs": 558.3333333333334,
      "checks": [
        "rate=0.83 in [1.00, 3.00]",
        "bytesPerUnit=420.0 in [210.0, 630.0]"
      ],
      "rateOk": false,
      "payloadOk": true,
      "expectedRate": 2,
      "expectedPayload": 420,
      "tolRate": 0.5,
      "tolPayload": 0.5
    }
  ]
}
