{
  "summaries": [
    {
      "id": "65019de2-f11d-4fbe-8718-0a983789425e",
      "label": "WS@1Hz payload=360B",
      "mode": "ws",
      "count": 4,
      "avgCpu": 1.175,
      "avgRss": 196.04296875,
      "avgElu": 0.05066938079370908,
      "avgDelayP99": 59.260926999999995,
      "avgRate": 0.8676890455085192,
      "avgBytesRate": 312.3680563830669,
      "avgPayload": 270,
      "bytesPerUnit": 360,
      "avgJitterMs": 13.070045143241874,
      "avgFreshnessMs": 524.5,
      "checks": [
        "rate=0.87 in [0.50, 1.50]",
        "bytesPerUnit=360.0 in [180.0, 540.0]"
      ],
      "rateOk": true,
      "payloadOk": true,
      "expectedRate": 1,
      "expectedPayload": 360,
      "tolRate": 0.5,
      "tolPayload": 0.5
    },
    {
      "id": "fa72c029-1017-4aab-82ec-cf81c402eb52",
      "label": "WS@2Hz payload=360B",
      "mode": "ws",
      "count": 6,
      "avgCpu": 1.8166666666666667,
      "avgRss": 196.173828125,
      "avgElu": 0.03927952369758025,
      "avgDelayP99": 61.341694999999994,
      "avgRate": 0.9062856761602186,
      "avgBytesRate": 326.26284341767865,
      "avgPayload": 360,
      "bytesPerUnit": 359.99999999999994,
      "avgJitterMs": 438.0281813429378,
      "avgFreshnessMs": 436.3333333333333,
      "checks": [
        "rate=0.91 in [1.00, 3.00]",
        "bytesPerUnit=360.0 in [180.0, 540.0]"
      ],
      "rateOk": false,
      "payloadOk": true,
      "expectedRate": 2,
      "expectedPayload": 360,
      "tolRate": 0.5,
      "tolPayload": 0.5
    },
    {
      "id": "c8c1fb70-91b5-40a8-82ff-4a7c6cf2cc33",
      "label": "HTTP@1Hz payload=420B",
      "mode": "polling",
      "count": 6,
      "avgCpu": 8.85,
      "avgRss": 181.85872395833334,
      "avgElu": 0.04168361802915224,
      "avgDelayP99": 60.26035100000001,
      "avgRate": 0.41245984579692113,
      "avgBytesRate": 173.23313523470688,
      "avgPayload": 350,
      "bytesPerUnit": 420,
      "avgJitterMs": 2.4569784908382277,
      "avgFreshnessMs": 747.5,
      "checks": [
        "rate=0.41 in [0.50, 1.50]",
        "bytesPerUnit=420.0 in [210.0, 630.0]"
      ],
      "rateOk": false,
      "payloadOk": true,
      "expectedRate": 1,
      "expectedPayload": 420,
      "tolRate": 0.5,
      "tolPayload": 0.5
    },
    {
      "id": "934e017d-5513-492f-9d10-9d6eee6d19c1",
      "label": "HTTP@2Hz payload=420B",
      "mode": "polling",
      "count": 6,
      "avgCpu": 1.8166666666666667,
      "avgRss": 173.36783854166666,
      "avgElu": 0.041410641241955336,
      "avgDelayP99": 61.37446300000001,
      "avgRate": 0.8241042301890981,
      "avgBytesRate": 346.12377667942116,
      "avgPayload": 350,
      "bytesPerUnit": 419.99999999999994,
      "avgJitterMs": 285.14008415820234,
      "avgFreshnessMs": 553.1666666666666,
      "checks": [
        "rate=0.82 in [1.00, 3.00]",
        "bytesPerUnit=420.0 in [210.0, 630.0]"
      ],
      "rateOk": false,
      "payloadOk": true,
      "expectedRate": 2,
      "expectedPayload": 420,
      "tolRate": 0.5,
      "tolPayload": 0.5
    }
  ]
}
